feature_left,feature_right,correlation,abs_correlation
lab_wbc_last_24h,lab_wbc_min_24h,0.9999982614382006,0.9999982614382006
lab_platelets_last_24h,lab_platelets_min_24h,0.9983757415098622,0.9983757415098622
lab_creatinine_last_24h,lab_creatinine_max_24h,0.996480485167429,0.996480485167429
vital_heart_rate_count_24h,vital_spo2_count_24h,0.9955155285504037,0.9955155285504037
vital_resp_rate_count_24h,vital_spo2_count_24h,0.9931604229518475,0.9931604229518475
vital_heart_rate_count_24h,vital_resp_rate_count_24h,0.9921889587756053,0.9921889587756053
vital_resp_rate_count_24h,vital_map_count_24h,0.9536396408378769,0.9536396408378769
vital_heart_rate_count_24h,vital_map_count_24h,0.9522614381769072,0.9522614381769072
vital_map_count_24h,vital_spo2_count_24h,0.9521885677272738,0.9521885677272738
lab_wbc_last_24h,lab_wbc_max_24h,0.9481782673631777,0.9481782673631777
lab_wbc_min_24h,lab_wbc_max_24h,0.9481631510428224,0.9481631510428224
mechanical_ventilation_chart_events_24h,mechanical_ventilation_24h,0.9192961950773566,0.9192961950773566
lab_lactate_last_24h,lab_lactate_max_24h,0.900254382531471,0.900254382531471
vital_heart_rate_count_24h,vital_temperature_c_count_24h,0.8947023247100726,0.8947023247100726
vital_temperature_c_count_24h,vital_spo2_count_24h,0.8933966302659498,0.8933966302659498
vital_resp_rate_count_24h,vital_temperature_c_count_24h,0.8903805913953833,0.8903805913953833
vital_temperature_c_count_24h,vital_map_count_24h,0.8709395018594798,0.8709395018594798
vital_heart_rate_last_24h,vital_heart_rate_min_24h,0.8377920368741927,0.8377920368741927
vasopressor_active_24h,vasopressor_on_at_alert,0.7954914196325793,0.7954914196325793
vasopressor_event_count_24h,vasopressor_active_24h,0.789809774179066,0.789809774179066
vital_spo2_last_24h,vital_spo2_min_24h,0.7400641917035851,0.7400641917035851
vital_temperature_c_last_24h,vital_temperature_c_max_24h,0.739665390060155,0.739665390060155
vasopressor_event_count_24h,vasopressor_on_at_alert,0.7342494141381276,0.7342494141381276
mechanical_ventilation_24h,vital_spo2_count_24h,0.7309145615523559,0.7309145615523559
mechanical_ventilation_24h,vital_heart_rate_count_24h,0.7297639792218661,0.7297639792218661
mechanical_ventilation_24h,vital_resp_rate_count_24h,0.7233271465531301,0.7233271465531301
lab_platelets_count_24h,lab_creatinine_count_24h,0.7221534001176835,0.7221534001176835
mechanical_ventilation_24h,vital_temperature_c_count_24h,0.7174247735410972,0.7174247735410972
mechanical_ventilation_24h,vital_map_count_24h,0.7131814728243872,0.7131814728243872
lab_wbc_min_24h,vital_spo2_min_24h,-0.6957888947324612,0.6957888947324612
lab_wbc_max_24h,vital_spo2_min_24h,-0.6957888947324612,0.6957888947324612
lab_wbc_last_24h,vital_spo2_min_24h,-0.6957888947324612,0.6957888947324612
mechanical_ventilation_chart_events_24h,vital_temperature_c_count_24h,0.6924892749091854,0.6924892749091854
vital_temperature_c_last_24h,vital_temperature_c_min_24h,0.6869624497872309,0.6869624497872309
mechanical_ventilation_chart_events_24h,vital_spo2_count_24h,0.6822850618428186,0.6822850618428186
mechanical_ventilation_chart_events_24h,vital_heart_rate_count_24h,0.680033924308376,0.680033924308376
mechanical_ventilation_chart_events_24h,vital_resp_rate_count_24h,0.6756545892093547,0.6756545892093547
mechanical_ventilation_chart_events_24h,vital_map_count_24h,0.6679790259572216,0.6679790259572216
in_icu_at_alert,vital_heart_rate_count_24h,0.6642363539856289,0.6642363539856289
in_icu_at_alert,vital_spo2_count_24h,0.6632939169659517,0.6632939169659517
in_icu_at_alert,vital_resp_rate_count_24h,0.6585533857975937,0.6585533857975937
lab_wbc_max_24h,lab_wbc_count_24h,0.6519980814306161,0.6519980814306161
in_icu_at_alert,vital_map_count_24h,0.63385033609776,0.63385033609776
vital_heart_rate_last_24h,vital_heart_rate_max_24h,0.6330793154933769,0.6330793154933769
vital_map_last_24h,vital_map_min_24h,0.6185759652289113,0.6185759652289113
in_icu_at_alert,vital_temperature_c_count_24h,0.6103012722079555,0.6103012722079555
vital_heart_rate_min_24h,vital_heart_rate_max_24h,0.5758448856564188,0.5758448856564188
vital_temperature_c_min_24h,vital_temperature_c_max_24h,0.5742486121195304,0.5742486121195304
prior_positive_specimens_24h,prior_positive_specimens_7d,0.5427466454586511,0.5427466454586511
lab_wbc_last_24h,lab_wbc_count_24h,0.5336561737637455,0.5336561737637455
lab_wbc_min_24h,lab_wbc_count_24h,0.5323121949232389,0.5323121949232389
in_icu_at_alert,mechanical_ventilation_24h,0.5154016698376702,0.5154016698376702
vasopressor_event_count_24h,lab_lactate_count_24h,0.5013965136038023,0.5013965136038023
lab_lactate_max_24h,lab_lactate_count_24h,0.4994633490179678,0.4994633490179678
in_icu_at_alert,lab_creatinine_count_24h,0.4973338282793358,0.4973338282793358
in_icu_at_alert,vasopressor_active_24h,0.48876014210276675,0.48876014210276675
vital_resp_rate_last_24h,vital_resp_rate_max_24h,0.4766373016150047,0.4766373016150047
in_icu_at_alert,mechanical_ventilation_chart_events_24h,0.47540290962757625,0.47540290962757625
lab_platelets_count_24h,lab_lactate_count_24h,0.4750628022007172,0.4750628022007172
lab_creatinine_count_24h,lab_lactate_count_24h,0.4750359340078129,0.4750359340078129
vasopressor_active_24h,lab_lactate_count_24h,0.4744704718358804,0.4744704718358804
in_icu_at_alert,lab_lactate_count_24h,0.45097919199233105,0.45097919199233105
vital_temperature_c_max_24h,vital_temperature_c_count_24h,0.4438163122616356,0.4438163122616356
in_icu_at_alert,lab_platelets_count_24h,0.43311711801557323,0.43311711801557323
vasopressor_on_at_alert,lab_lactate_count_24h,0.4218720061938923,0.4218720061938923
in_icu_at_alert,vasopressor_on_at_alert,0.4044012413934616,0.4044012413934616
vasopressor_active_24h,vital_resp_rate_count_24h,0.3910321591665033,0.3910321591665033
vasopressor_active_24h,vital_heart_rate_count_24h,0.39080092797297683,0.39080092797297683
vasopressor_active_24h,vital_temperature_c_count_24h,0.3886400598955596,0.3886400598955596
vasopressor_active_24h,vital_spo2_count_24h,0.3881068549619153,0.3881068549619153
vasopressor_active_24h,vital_map_count_24h,0.3798739037188021,0.3798739037188021
in_icu_at_alert,vasopressor_event_count_24h,0.37516151511009543,0.37516151511009543
lab_lactate_count_24h,vital_temperature_c_count_24h,0.37399005243291417,0.37399005243291417
vasopressor_active_24h,mechanical_ventilation_chart_events_24h,0.36520879482731317,0.36520879482731317
mechanical_ventilation_chart_events_24h,lab_lactate_count_24h,0.3630433995199531,0.3630433995199531
vasopressor_event_count_24h,lab_lactate_max_24h,0.35362507218341305,0.35362507218341305
mechanical_ventilation_24h,lab_lactate_count_24h,0.35220880106002217,0.35220880106002217
vasopressor_active_24h,mechanical_ventilation_24h,0.3515869112653993,0.3515869112653993
vital_map_min_24h,vital_map_count_24h,-0.3503975681281896,0.3503975681281896
vasopressor_on_at_alert,mechanical_ventilation_chart_events_24h,0.3496911423147001,0.3496911423147001
lab_creatinine_count_24h,vital_resp_rate_count_24h,0.3403024903188849,0.3403024903188849
vasopressor_on_at_alert,vital_temperature_c_count_24h,0.3385688818902027,0.3385688818902027
lab_lactate_last_24h,lab_lactate_count_24h,0.3374458750090725,0.3374458750090725
vasopressor_active_24h,lab_creatinine_count_24h,0.3370027384110554,0.3370027384110554
lab_creatinine_count_24h,vital_spo2_count_24h,0.3365600330997903,0.3365600330997903
lab_creatinine_count_24h,vital_heart_rate_count_24h,0.33529538651568286,0.33529538651568286
lab_wbc_min_24h,vital_map_min_24h,-0.3351543426338497,0.3351543426338497
lab_wbc_last_24h,vital_map_min_24h,-0.3351543426338497,0.3351543426338497
lab_wbc_max_24h,vital_map_min_24h,-0.3351543426338497,0.3351543426338497
mechanical_ventilation_24h,vital_temperature_c_max_24h,0.33383946676663223,0.33383946676663223
lab_creatinine_count_24h,vital_temperature_c_count_24h,0.3328468965069563,0.3328468965069563
lab_lactate_count_24h,vital_heart_rate_count_24h,0.33248388701030585,0.33248388701030585
lab_creatinine_count_24h,vital_map_count_24h,0.33146124230956886,0.33146124230956886
vasopressor_on_at_alert,mechanical_ventilation_24h,0.3305561479520103,0.3305561479520103
lab_lactate_count_24h,vital_resp_rate_count_24h,0.32742608532791956,0.32742608532791956
vasopressor_event_count_24h,vital_temperature_c_count_24h,0.323224740509036,0.323224740509036
vasopressor_on_at_alert,vital_heart_rate_count_24h,0.32280427246272814,0.32280427246272814
lab_lactate_count_24h,vital_map_count_24h,0.3227946282632587,0.3227946282632587
lab_lactate_count_24h,vital_spo2_count_24h,0.3226207621682568,0.3226207621682568
vasopressor_on_at_alert,vital_resp_rate_count_24h,0.32091982575858735,0.32091982575858735
vasopressor_on_at_alert,vital_spo2_count_24h,0.31774146831263955,0.31774146831263955
vasopressor_active_24h,lab_platelets_count_24h,0.31749192332714654,0.31749192332714654
vasopressor_on_at_alert,vital_map_count_24h,0.3164779357346381,0.3164779357346381
vital_resp_rate_count_24h,vital_map_min_24h,-0.316020429028905,0.316020429028905
mechanical_ventilation_chart_events_24h,vital_temperature_c_max_24h,0.311162361132236,0.311162361132236
vasopressor_active_24h,vital_map_min_24h,-0.31111110993118374,0.31111110993118374
vasopressor_event_count_24h,mechanical_ventilation_chart_events_24h,0.3062635962861884,0.3062635962861884
anchor_age,vital_temperature_c_max_24h,-0.3032100428384736,0.3032100428384736
vital_heart_rate_count_24h,vital_map_min_24h,-0.3024020756370493,0.3024020756370493
lab_wbc_min_24h,vital_temperature_c_max_24h,-0.30127595536672935,0.30127595536672935
lab_wbc_max_24h,vital_temperature_c_max_24h,-0.30127595536672935,0.30127595536672935
lab_wbc_last_24h,vital_temperature_c_max_24h,-0.30127595536672935,0.30127595536672935
vital_heart_rate_max_24h,vital_temperature_c_max_24h,0.3004990532731261,0.3004990532731261
vasopressor_event_count_24h,lab_creatinine_count_24h,0.2978623669885918,0.2978623669885918
lab_platelets_count_24h,vital_resp_rate_count_24h,0.2951899649405851,0.2951899649405851
lab_platelets_count_24h,vital_spo2_count_24h,0.2951797512896879,0.2951797512896879
vasopressor_event_count_24h,vital_map_count_24h,0.2950227251361792,0.2950227251361792
vasopressor_event_count_24h,vital_heart_rate_count_24h,0.2949809679341169,0.2949809679341169
vasopressor_event_count_24h,vital_resp_rate_count_24h,0.2949070262928008,0.2949070262928008
lab_wbc_max_24h,vital_spo2_last_24h,0.29352015388281616,0.29352015388281616
lab_wbc_last_24h,vital_spo2_last_24h,0.29352015388281616,0.29352015388281616
lab_wbc_min_24h,vital_spo2_last_24h,0.29352015388281616,0.29352015388281616
lab_platelets_count_24h,vital_heart_rate_count_24h,0.29309135626588545,0.29309135626588545
lab_platelets_count_24h,vital_temperature_c_count_24h,0.2926480433276462,0.2926480433276462
vasopressor_event_count_24h,vital_spo2_count_24h,0.2914487450170654,0.2914487450170654
vasopressor_event_count_24h,vital_map_min_24h,-0.28820363708976804,0.28820363708976804
vasopressor_event_count_24h,lab_platelets_count_24h,0.28760798260948633,0.28760798260948633
vasopressor_event_count_24h,mechanical_ventilation_24h,0.28679477990837726,0.28679477990837726
vital_resp_rate_max_24h,vital_temperature_c_max_24h,0.28548276159320296,0.28548276159320296
lab_platelets_count_24h,vital_map_count_24h,0.28125971947388856,0.28125971947388856
mechanical_ventilation_24h,lab_creatinine_count_24h,0.2810410977205081,0.2810410977205081
vasopressor_on_at_alert,lab_creatinine_count_24h,0.2788788115620994,0.2788788115620994
vital_temperature_c_last_24h,vital_temperature_c_count_24h,0.27655766902049234,0.27655766902049234
in_icu_at_alert,vital_temperature_c_max_24h,0.2740204641508829,0.2740204641508829
vital_map_min_24h,vital_spo2_count_24h,-0.27308169502097046,0.27308169502097046
lab_wbc_last_24h,vital_temperature_c_last_24h,-0.2721631142081224,0.2721631142081224
lab_wbc_max_24h,vital_temperature_c_last_24h,-0.2721631142081224,0.2721631142081224
lab_wbc_min_24h,vital_temperature_c_last_24h,-0.2721631142081224,0.2721631142081224
lab_lactate_last_24h,vital_spo2_last_24h,-0.26700420515026,0.26700420515026
mechanical_ventilation_chart_events_24h,lab_creatinine_count_24h,0.2641717703556955,0.2641717703556955
lab_lactate_max_24h,vital_temperature_c_min_24h,-0.2603262790897565,0.2603262790897565
vital_resp_rate_max_24h,vital_temperature_c_count_24h,0.25937391290111517,0.25937391290111517
lab_creatinine_max_24h,vital_map_min_24h,-0.25781284209970323,0.25781284209970323
lab_platelets_last_24h,vital_temperature_c_max_24h,0.25576359357237377,0.25576359357237377
vital_resp_rate_max_24h,vital_resp_rate_count_24h,0.2556954458189043,0.2556954458189043
vasopressor_on_at_alert,lab_platelets_count_24h,0.25063787834180745,0.25063787834180745
lab_platelets_min_24h,vital_temperature_c_max_24h,0.24946693180645635,0.24946693180645635
lab_creatinine_last_24h,vital_map_min_24h,-0.24875850298593982,0.24875850298593982
lab_creatinine_count_24h,lab_lactate_max_24h,0.24840890913965588,0.24840890913965588
in_icu_at_alert,vital_resp_rate_max_24h,0.24819445291757267,0.24819445291757267
lab_wbc_count_24h,vital_temperature_c_max_24h,0.24573301632837455,0.24573301632837455
anchor_age,vital_temperature_c_last_24h,-0.24238003387033658,0.24238003387033658
lab_lactate_max_24h,vital_map_min_24h,-0.24167892990948342,0.24167892990948342
vasopressor_event_count_24h,lab_lactate_last_24h,0.24164010094411142,0.24164010094411142
vital_heart_rate_last_24h,vital_resp_rate_last_24h,0.24142369566273184,0.24142369566273184
vasopressor_on_at_alert,vital_map_min_24h,-0.23869236968999885,0.23869236968999885
mechanical_ventilation_24h,vital_temperature_c_last_24h,0.23785860146531504,0.23785860146531504
lab_lactate_count_24h,vital_map_min_24h,-0.23539463425701043,0.23539463425701043
vital_temperature_c_max_24h,vital_spo2_count_24h,0.23491809776818398,0.23491809776818398
vital_resp_rate_max_24h,vital_spo2_count_24h,0.2342054479108955,0.2342054479108955
vital_heart_rate_count_24h,vital_resp_rate_max_24h,0.2338070134138298,0.2338070134138298
vital_heart_rate_max_24h,vital_resp_rate_count_24h,0.23241450093027358,0.23241450093027358
vital_heart_rate_count_24h,vital_temperature_c_max_24h,0.22882205473143066,0.22882205473143066
vital_heart_rate_max_24h,vital_heart_rate_count_24h,0.22714252851730912,0.22714252851730912
vital_resp_rate_last_24h,vital_temperature_c_max_24h,0.2232111426425036,0.2232111426425036
mechanical_ventilation_chart_events_24h,vital_temperature_c_last_24h,0.22304181794942382,0.22304181794942382
anchor_age,vital_heart_rate_max_24h,-0.22247692062853722,0.22247692062853722
vital_heart_rate_max_24h,vital_spo2_count_24h,0.22195230117017484,0.22195230117017484
lab_lactate_last_24h,vital_map_last_24h,-0.22149836133743755,0.22149836133743755
anchor_age,vital_map_min_24h,-0.22026015531155624,0.22026015531155624
lab_lactate_last_24h,vital_temperature_c_min_24h,-0.22015637553006212,0.22015637553006212
vital_heart_rate_max_24h,vital_resp_rate_max_24h,0.21979733871589607,0.21979733871589607
mechanical_ventilation_24h,lab_platelets_count_24h,0.2181840984152112,0.2181840984152112
lab_lactate_last_24h,vital_spo2_min_24h,-0.21753134197260304,0.21753134197260304
lab_lactate_max_24h,vital_temperature_c_last_24h,-0.21655168662971713,0.21655168662971713
anchor_age,vital_heart_rate_last_24h,-0.2157756054138152,0.2157756054138152
mechanical_ventilation_24h,vital_resp_rate_max_24h,0.2150083573351048,0.2150083573351048
lab_wbc_max_24h,vital_resp_rate_last_24h,-0.213747481087373,0.213747481087373
lab_wbc_min_24h,vital_resp_rate_last_24h,-0.213747481087373,0.213747481087373
lab_wbc_last_24h,vital_resp_rate_last_24h,-0.213747481087373,0.213747481087373
lab_wbc_min_24h,vital_map_last_24h,-0.2133069385767001,0.2133069385767001
lab_wbc_last_24h,vital_map_last_24h,-0.2133069385767001,0.2133069385767001
lab_wbc_max_24h,vital_map_last_24h,-0.2133069385767001,0.2133069385767001
lab_lactate_count_24h,vital_map_last_24h,-0.21259988079372322,0.21259988079372322
vital_resp_rate_count_24h,vital_temperature_c_max_24h,0.21072259896285878,0.21072259896285878
lab_platelets_count_24h,lab_lactate_max_24h,0.20935906490445502,0.20935906490445502
lab_platelets_min_24h,vital_temperature_c_last_24h,0.20353695729608426,0.20353695729608426
lab_lactate_last_24h,vital_map_min_24h,-0.202702144386776,0.202702144386776
vasopressor_on_at_alert,vital_map_last_24h,-0.2026752030646863,0.2026752030646863
mechanical_ventilation_chart_events_24h,lab_platelets_count_24h,0.20185178036837345,0.20185178036837345
lab_platelets_min_24h,lab_platelets_count_24h,-0.20090209740461773,0.20090209740461773
vital_heart_rate_last_24h,vital_temperature_c_max_24h,0.19979415569438094,0.19979415569438094
lab_platelets_last_24h,vital_temperature_c_last_24h,0.19965761949114672,0.19965761949114672
in_icu_at_alert,vital_map_min_24h,-0.19932059710458513,0.19932059710458513
lab_creatinine_max_24h,vital_map_last_24h,-0.19931717291251774,0.19931717291251774
anchor_age,vital_map_last_24h,-0.1988748266887265,0.1988748266887265
lab_platelets_min_24h,lab_lactate_max_24h,-0.1974948068771356,0.1974948068771356
vital_heart_rate_max_24h,vital_map_count_24h,0.19743410715085782,0.19743410715085782
mechanical_ventilation_chart_events_24h,vital_resp_rate_max_24h,0.19740219557788008,0.19740219557788008
lab_lactate_last_24h,vital_temperature_c_last_24h,-0.1970741276664246,0.1970741276664246
lab_platelets_min_24h,vital_map_last_24h,0.19686066055855303,0.19686066055855303
in_icu_at_alert,vital_heart_rate_max_24h,0.19354287602055503,0.19354287602055503
vasopressor_on_at_alert,vital_resp_rate_max_24h,0.1932100401633815,0.1932100401633815
lab_wbc_count_24h,vital_temperature_c_last_24h,0.19302821285748128,0.19302821285748128
lab_wbc_min_24h,vital_temperature_c_min_24h,-0.1923603019748073,0.1923603019748073
lab_wbc_last_24h,vital_temperature_c_min_24h,-0.1923603019748073,0.1923603019748073
lab_wbc_max_24h,vital_temperature_c_min_24h,-0.1923603019748073,0.1923603019748073
anchor_age,vital_temperature_c_min_24h,-0.19188777384218345,0.19188777384218345
lab_creatinine_last_24h,vital_map_last_24h,-0.19073981028093356,0.19073981028093356
lab_platelets_last_24h,lab_lactate_max_24h,-0.18865976070812535,0.18865976070812535
lab_platelets_last_24h,vital_map_last_24h,0.18764933799542363,0.18764933799542363
vasopressor_event_count_24h,vital_resp_rate_max_24h,0.184840878731367,0.184840878731367
vasopressor_active_24h,vital_map_last_24h,-0.18436718675444674,0.18436718675444674
vital_heart_rate_last_24h,vital_temperature_c_last_24h,0.18366452448135687,0.18366452448135687
lab_creatinine_count_24h,vital_temperature_c_min_24h,-0.18265681498722788,0.18265681498722788
vasopressor_event_count_24h,vital_map_last_24h,-0.18254945469040493,0.18254945469040493
vital_temperature_c_max_24h,vital_map_count_24h,0.18245091973343436,0.18245091973343436
mechanical_ventilation_chart_events_24h,vital_map_min_24h,-0.18224738310596297,0.18224738310596297
lab_wbc_max_24h,vital_heart_rate_min_24h,-0.1818877722169927,0.1818877722169927
lab_wbc_last_24h,vital_heart_rate_min_24h,-0.1818877722169927,0.1818877722169927
lab_wbc_min_24h,vital_heart_rate_min_24h,-0.1818877722169927,0.1818877722169927
lab_lactate_max_24h,vital_spo2_last_24h,-0.18182709470054575,0.18182709470054575
lab_platelets_min_24h,lab_lactate_last_24h,-0.1804293004427399,0.1804293004427399
vital_heart_rate_min_24h,vital_temperature_c_max_24h,0.179135925152843,0.179135925152843
lab_lactate_count_24h,vital_temperature_c_min_24h,-0.17822625245019866,0.17822625245019866
vital_heart_rate_max_24h,vital_temperature_c_count_24h,0.17783989835050204,0.17783989835050204
lab_platelets_last_24h,lab_platelets_count_24h,-0.17776931487265743,0.17776931487265743
vital_map_min_24h,vital_spo2_min_24h,0.17773596280814158,0.17773596280814158
vital_heart_rate_last_24h,vital_resp_rate_max_24h,0.17773176925982476,0.17773176925982476
lab_platelets_last_24h,vital_temperature_c_min_24h,0.1771711539497575,0.1771711539497575
lab_platelets_min_24h,vital_temperature_c_min_24h,0.1756736435155381,0.1756736435155381
vital_temperature_c_min_24h,vital_map_min_24h,0.17388016228706488,0.17388016228706488
lab_platelets_last_24h,lab_lactate_last_24h,-0.17051125312234333,0.17051125312234333
lab_creatinine_last_24h,vital_spo2_min_24h,-0.16972923331044446,0.16972923331044446
lab_platelets_last_24h,vital_heart_rate_max_24h,0.16867470516330924,0.16867470516330924
vital_heart_rate_min_24h,vital_temperature_c_last_24h,0.16677057355411837,0.16677057355411837
lab_creatinine_max_24h,vital_spo2_min_24h,-0.16591009657512562,0.16591009657512562
vital_heart_rate_min_24h,vital_resp_rate_last_24h,0.16400462528111948,0.16400462528111948
vital_heart_rate_min_24h,vital_temperature_c_min_24h,0.16386261418688727,0.16386261418688727
vital_resp_rate_max_24h,vital_map_count_24h,0.1623934819375697,0.1623934819375697
lab_platelets_min_24h,vital_heart_rate_max_24h,0.16140698145318388,0.16140698145318388
mechanical_ventilation_24h,vital_map_min_24h,-0.15714498253014222,0.15714498253014222
mechanical_ventilation_chart_events_24h,vital_map_last_24h,-0.15453805706150275,0.15453805706150275
lab_lactate_max_24h,vital_spo2_min_24h,-0.15428277485767253,0.15428277485767253
lab_lactate_max_24h,vital_map_last_24h,-0.1535286640951444,0.1535286640951444
lab_platelets_min_24h,vital_map_min_24h,0.15339276933160745,0.15339276933160745
lab_creatinine_count_24h,vital_spo2_last_24h,0.1526291509335037,0.1526291509335037
anchor_age,vital_heart_rate_min_24h,-0.1525029302372819,0.1525029302372819
vital_heart_rate_max_24h,vital_temperature_c_last_24h,0.15249724294763115,0.15249724294763115
vasopressor_active_24h,vital_resp_rate_max_24h,0.14985370124826405,0.14985370124826405
vital_heart_rate_last_24h,vital_map_last_24h,0.14975904950105373,0.14975904950105373
vital_resp_rate_last_24h,vital_temperature_c_last_24h,0.14950111851281803,0.14950111851281803
lab_creatinine_count_24h,vital_temperature_c_last_24h,-0.14741647908327474,0.14741647908327474
lab_platelets_last_24h,vital_map_min_24h,0.1455918325842485,0.1455918325842485
mechanical_ventilation_24h,vital_spo2_min_24h,0.1453834284378706,0.1453834284378706
in_icu_at_alert,vital_heart_rate_last_24h,0.14492547020581326,0.14492547020581326
vital_temperature_c_count_24h,vital_map_min_24h,-0.14466599019248771,0.14466599019248771
in_icu_at_alert,vital_spo2_last_24h,0.14374804099360486,0.14374804099360486
in_icu_at_alert,vital_temperature_c_last_24h,0.14291658786829728,0.14291658786829728
lab_platelets_count_24h,lab_lactate_last_24h,0.14226404337718063,0.14226404337718063
lab_wbc_count_24h,lab_creatinine_count_24h,0.1415918997065253,0.1415918997065253
vital_resp_rate_last_24h,vital_temperature_c_count_24h,0.14158759859457704,0.14158759859457704
lab_platelets_count_24h,vital_heart_rate_last_24h,0.13996997444802903,0.13996997444802903
lab_creatinine_count_24h,vital_map_min_24h,-0.13932772035941218,0.13932772035941218
lab_creatinine_max_24h,vital_temperature_c_last_24h,-0.1367906860449735,0.1367906860449735
lab_creatinine_max_24h,lab_creatinine_count_24h,0.13318332458155624,0.13318332458155624
mechanical_ventilation_24h,vital_map_last_24h,-0.13288012878126668,0.13288012878126668
lab_platelets_min_24h,lab_creatinine_count_24h,-0.13179507482980501,0.13179507482980501
lab_creatinine_max_24h,vital_temperature_c_min_24h,-0.13071462438178685,0.13071462438178685
lab_platelets_min_24h,lab_lactate_count_24h,-0.13020857465664082,0.13020857465664082
lab_wbc_count_24h,vital_temperature_c_min_24h,0.12696382557451089,0.12696382557451089
lab_creatinine_count_24h,vital_heart_rate_last_24h,0.12501990647777667,0.12501990647777667
prior_positive_specimens_24h,vital_resp_rate_last_24h,0.12397259665269099,0.12397259665269099
lab_creatinine_last_24h,vital_temperature_c_last_24h,-0.12337469947026541,0.12337469947026541
in_icu_at_alert,lab_lactate_last_24h,-0.1229021464724648,0.1229021464724648
mechanical_ventilation_chart_events_24h,vital_spo2_min_24h,0.12220369776944737,0.12220369776944737
vital_resp_rate_last_24h,vital_map_min_24h,0.12115341014615301,0.12115341014615301
lab_creatinine_count_24h,lab_lactate_last_24h,0.12102469393217177,0.12102469393217177
vasopressor_active_24h,vital_temperature_c_min_24h,-0.1206971571908882,0.1206971571908882
lab_platelets_last_24h,lab_lactate_count_24h,-0.11918255466455928,0.11918255466455928
lab_wbc_count_24h,vital_map_last_24h,0.11902559995909714,0.11902559995909714
lab_creatinine_last_24h,vital_temperature_c_min_24h,-0.11887075113038698,0.11887075113038698
vital_heart_rate_min_24h,vital_map_min_24h,0.11782244055585726,0.11782244055585726
lab_lactate_count_24h,vital_temperature_c_last_24h,-0.11756591809584842,0.11756591809584842
lab_platelets_last_24h,lab_creatinine_count_24h,-0.11755709080630335,0.11755709080630335
vital_heart_rate_min_24h,vital_map_last_24h,0.11723170817175224,0.11723170817175224
vital_map_count_24h,vital_spo2_last_24h,0.11674101620037865,0.11674101620037865
vital_temperature_c_last_24h,vital_map_min_24h,0.11660540831798134,0.11660540831798134
mechanical_ventilation_24h,vital_spo2_last_24h,0.11587076858887928,0.11587076858887928
vital_temperature_c_last_24h,vital_spo2_count_24h,0.11584981429888346,0.11584981429888346
lab_platelets_min_24h,lab_creatinine_max_24h,-0.11563943781350845,0.11563943781350845
lab_platelets_count_24h,vital_spo2_min_24h,0.11543563528811329,0.11543563528811329
lab_creatinine_max_24h,lab_lactate_count_24h,0.11519566975763738,0.11519566975763738
lab_platelets_last_24h,lab_creatinine_max_24h,-0.115184542608003,0.115184542608003
mechanical_ventilation_24h,vital_resp_rate_last_24h,0.11324182010362448,0.11324182010362448
vital_heart_rate_min_24h,vital_resp_rate_max_24h,0.11238273103488552,0.11238273103488552
vasopressor_on_at_alert,vital_resp_rate_last_24h,0.11229299225116342,0.11229299225116342
vital_temperature_c_last_24h,vital_map_last_24h,0.1121745558084559,0.1121745558084559
vital_resp_rate_max_24h,vital_temperature_c_last_24h,0.1121459865885485,0.1121459865885485
mechanical_ventilation_24h,vital_heart_rate_max_24h,0.1120987766330361,0.1120987766330361
vital_resp_rate_count_24h,vital_map_last_24h,-0.11100120912070338,0.11100120912070338
lab_platelets_min_24h,lab_creatinine_last_24h,-0.11082091486524868,0.11082091486524868
lab_platelets_last_24h,lab_creatinine_last_24h,-0.11065740898774927,0.11065740898774927
vital_heart_rate_last_24h,vital_temperature_c_min_24h,0.10971724896688553,0.10971724896688553
vital_spo2_last_24h,vital_spo2_count_24h,0.10925496958257128,0.10925496958257128
vasopressor_on_at_alert,lab_creatinine_max_24h,0.10824198209211632,0.10824198209211632
vital_heart_rate_last_24h,vital_map_min_24h,0.1067339779888541,0.1067339779888541
vasopressor_active_24h,lab_platelets_min_24h,-0.10635275243485069,0.10635275243485069
lab_wbc_last_24h,vital_map_count_24h,-0.10615486669263907,0.10615486669263907
lab_wbc_min_24h,vital_map_count_24h,-0.10606436247097632,0.10606436247097632
vital_heart_rate_last_24h,vital_temperature_c_count_24h,0.10577675490521281,0.10577675490521281
lab_creatinine_count_24h,vital_map_last_24h,-0.10501624450480442,0.10501624450480442
lab_wbc_last_24h,vital_spo2_count_24h,-0.10495186050887614,0.10495186050887614
lab_wbc_min_24h,vital_spo2_count_24h,-0.10486274419719983,0.10486274419719983
lab_wbc_last_24h,vital_heart_rate_count_24h,-0.10471712589588589,0.10471712589588589
lab_creatinine_last_24h,lab_creatinine_count_24h,0.10464640476650813,0.10464640476650813
lab_wbc_min_24h,vital_heart_rate_count_24h,-0.10462813304629633,0.10462813304629633
vasopressor_event_count_24h,lab_creatinine_max_24h,0.10378889957809645,0.10378889957809645
lab_creatinine_count_24h,vital_spo2_min_24h,0.10332781048453954,0.10332781048453954
vital_heart_rate_last_24h,vital_map_count_24h,0.10247007330995325,0.10247007330995325
vasopressor_active_24h,lab_platelets_last_24h,-0.10069718732739338,0.10069718732739338
vital_resp_rate_last_24h,vital_spo2_min_24h,0.10030261097875995,0.10030261097875995
mechanical_ventilation_chart_events_24h,vital_resp_rate_last_24h,0.10026009364029029,0.10026009364029029
vasopressor_on_at_alert,vital_temperature_c_min_24h,-0.10016830893154466,0.10016830893154466
lab_wbc_last_24h,vital_resp_rate_count_24h,-0.09974402949108292,0.09974402949108292
lab_wbc_min_24h,vital_resp_rate_count_24h,-0.09965774971158561,0.09965774971158561
vital_temperature_c_min_24h,vital_map_last_24h,0.09965181273026943,0.09965181273026943
vasopressor_active_24h,lab_lactate_max_24h,0.09946562356701745,0.09946562356701745
lab_wbc_last_24h,vital_temperature_c_count_24h,-0.0976732477333852,0.0976732477333852
lab_wbc_min_24h,vital_temperature_c_count_24h,-0.09759057321099428,0.09759057321099428
lab_creatinine_count_24h,vital_heart_rate_min_24h,0.09632237466906511,0.09632237466906511
vasopressor_on_at_alert,lab_creatinine_last_24h,0.09620985993037717,0.09620985993037717
lab_creatinine_max_24h,vital_heart_rate_max_24h,-0.09539263451736274,0.09539263451736274
lab_creatinine_last_24h,lab_lactate_count_24h,0.0946705669492334,0.0946705669492334
vital_map_last_24h,vital_map_count_24h,-0.09427537869091253,0.09427537869091253
vasopressor_active_24h,lab_creatinine_max_24h,0.09360006387303448,0.09360006387303448
vasopressor_event_count_24h,lab_platelets_min_24h,-0.09295462344041268,0.09295462344041268
vital_resp_rate_count_24h,vital_temperature_c_last_24h,0.09292757759936623,0.09292757759936623
lab_wbc_min_24h,vital_heart_rate_max_24h,-0.09236112735602957,0.09236112735602957
lab_wbc_max_24h,vital_heart_rate_max_24h,-0.09236112735602957,0.09236112735602957
lab_wbc_last_24h,vital_heart_rate_max_24h,-0.09236112735602957,0.09236112735602957
lab_platelets_count_24h,vital_spo2_last_24h,0.09192734670365828,0.09192734670365828
lab_wbc_last_24h,lab_platelets_min_24h,-0.09160518735998135,0.09160518735998135
lab_wbc_min_24h,lab_platelets_min_24h,-0.09131555003239832,0.09131555003239832
lab_creatinine_last_24h,vital_heart_rate_max_24h,-0.0906157694294848,0.0906157694294848
vital_resp_rate_count_24h,vital_spo2_last_24h,0.08996359091755496,0.08996359091755496
lab_wbc_count_24h,lab_platelets_count_24h,0.0898650076705204,0.0898650076705204
vital_heart_rate_last_24h,vital_spo2_count_24h,0.08975335620647928,0.08975335620647928
lab_creatinine_max_24h,vital_temperature_c_max_24h,-0.08962587943263173,0.08962587943263173
vital_heart_rate_count_24h,vital_map_last_24h,-0.0896223012633809,0.0896223012633809
lab_platelets_min_24h,vital_spo2_last_24h,0.0895136838124486,0.0895136838124486
in_icu_at_alert,lab_wbc_min_24h,-0.0893534686240712,0.0893534686240712
vital_heart_rate_count_24h,vital_temperature_c_last_24h,0.08925174656038234,0.08925174656038234
in_icu_at_alert,lab_wbc_last_24h,-0.08912003895152017,0.08912003895152017
vasopressor_event_count_24h,lab_platelets_last_24h,-0.08846104008983074,0.08846104008983074
vasopressor_on_at_alert,vital_spo2_last_24h,0.08733971671594172,0.08733971671594172
vital_resp_rate_max_24h,vital_spo2_last_24h,0.08727188749450682,0.08727188749450682
lab_creatinine_max_24h,vital_spo2_last_24h,0.08698163702165629,0.08698163702165629
in_icu_at_alert,lab_wbc_max_24h,-0.08695343138543067,0.08695343138543067
lab_platelets_count_24h,vital_temperature_c_max_24h,-0.08680312486902454,0.08680312486902454
lab_wbc_last_24h,lab_platelets_last_24h,-0.08592089620850993,0.08592089620850993
vital_heart_rate_last_24h,vital_resp_rate_count_24h,0.08567004779965644,0.08567004779965644
lab_wbc_min_24h,lab_platelets_last_24h,-0.08562719787474882,0.08562719787474882
vasopressor_active_24h,vital_temperature_c_last_24h,-0.08532337451776963,0.08532337451776963
lab_creatinine_count_24h,vital_resp_rate_max_24h,0.08527967933040201,0.08527967933040201
vasopressor_event_count_24h,lab_creatinine_last_24h,0.08520741590648394,0.08520741590648394
lab_creatinine_max_24h,lab_lactate_max_24h,0.08484196595171895,0.08484196595171895
vital_resp_rate_last_24h,vital_spo2_last_24h,0.0847158270130623,0.0847158270130623
lab_creatinine_last_24h,vital_temperature_c_max_24h,-0.08413203283709468,0.08413203283709468
lab_platelets_count_24h,vital_heart_rate_min_24h,0.08361668948663299,0.08361668948663299
lab_platelets_last_24h,vital_spo2_last_24h,0.08288781357213788,0.08288781357213788
mechanical_ventilation_chart_events_24h,vital_spo2_last_24h,0.08250553874859862,0.08250553874859862
vasopressor_on_at_alert,lab_platelets_min_24h,-0.08245979028160796,0.08245979028160796
vital_map_min_24h,vital_spo2_last_24h,0.08213548869003075,0.08213548869003075
anchor_age,lab_platelets_last_24h,-0.08145374165975774,0.08145374165975774
lab_wbc_max_24h,vital_map_count_24h,-0.08142701857647425,0.08142701857647425
vasopressor_event_count_24h,vital_spo2_min_24h,-0.08120582876800841,0.08120582876800841
lab_creatinine_last_24h,vital_spo2_last_24h,0.08059305165896687,0.08059305165896687
vital_heart_rate_last_24h,vital_spo2_last_24h,0.08048555625946102,0.08048555625946102
lab_wbc_max_24h,vital_spo2_count_24h,-0.08040536188490634,0.08040536188490634
vital_heart_rate_last_24h,vital_heart_rate_count_24h,0.08036979056197728,0.08036979056197728
lab_wbc_max_24h,vital_heart_rate_count_24h,-0.08024623235638965,0.08024623235638965
vital_heart_rate_count_24h,vital_spo2_last_24h,0.0801639162759563,0.0801639162759563
in_icu_at_alert,lab_lactate_max_24h,-0.07998384508508383,0.07998384508508383
anchor_age,lab_platelets_min_24h,-0.07985781231382813,0.07985781231382813
lab_wbc_count_24h,lab_lactate_last_24h,-0.07948188956952,0.07948188956952
lab_platelets_count_24h,vital_map_min_24h,-0.07924756333634037,0.07924756333634037
in_icu_at_alert,lab_wbc_count_24h,0.07920861786401315,0.07920861786401315
lab_lactate_count_24h,vital_resp_rate_max_24h,0.07920568342655984,0.07920568342655984
vasopressor_on_at_alert,lab_platelets_last_24h,-0.07918873979428195,0.07918873979428195
lab_wbc_max_24h,lab_platelets_min_24h,-0.0791040416891341,0.0791040416891341
lab_lactate_count_24h,vital_spo2_min_24h,-0.0782723854064769,0.0782723854064769
prior_positive_specimens_7d,vital_map_last_24h,-0.07813293271605559,0.07813293271605559
vasopressor_active_24h,lab_creatinine_last_24h,0.0776725053596785,0.0776725053596785
vital_heart_rate_max_24h,vital_temperature_c_min_24h,0.07742345644754045,0.07742345644754045
lab_platelets_last_24h,vital_heart_rate_last_24h,0.07718193251933002,0.07718193251933002
lab_wbc_max_24h,lab_platelets_last_24h,-0.07688950985959397,0.07688950985959397
lab_wbc_max_24h,vital_resp_rate_count_24h,-0.07684832348296361,0.07684832348296361
lab_platelets_count_24h,lab_creatinine_max_24h,0.07628636254279791,0.07628636254279791
mechanical_ventilation_chart_events_24h,lab_wbc_last_24h,-0.07549780772821851,0.07549780772821851
mechanical_ventilation_chart_events_24h,lab_wbc_min_24h,-0.07543697688914236,0.07543697688914236
vasopressor_event_count_24h,vital_resp_rate_last_24h,0.07541389103313817,0.07541389103313817
lab_creatinine_last_24h,vital_resp_rate_max_24h,-0.07535697904653373,0.07535697904653373
vasopressor_on_at_alert,vital_heart_rate_last_24h,0.07514951055982819,0.07514951055982819
lab_wbc_max_24h,vital_temperature_c_count_24h,-0.07475774622268366,0.07475774622268366
anchor_age,vital_resp_rate_max_24h,-0.073379800748577,0.073379800748577
vital_heart_rate_max_24h,vital_spo2_min_24h,-0.07333869966172042,0.07333869966172042
vital_heart_rate_min_24h,vital_temperature_c_count_24h,0.07331117961056163,0.07331117961056163
vasopressor_active_24h,vital_spo2_min_24h,-0.07275840837522747,0.07275840837522747
lab_platelets_count_24h,vital_temperature_c_last_24h,-0.07179556732014931,0.07179556732014931
anchor_age,vital_resp_rate_last_24h,-0.07171295573310732,0.07171295573310732
mechanical_ventilation_chart_events_24h,vital_heart_rate_max_24h,0.07145426722552406,0.07145426722552406
vasopressor_event_count_24h,vital_temperature_c_min_24h,-0.07126033563869183,0.07126033563869183
lab_creatinine_max_24h,vital_resp_rate_max_24h,-0.07106464470270178,0.07106464470270178
vital_temperature_c_max_24h,vital_map_last_24h,0.07077669260718461,0.07077669260718461
anchor_age,lab_wbc_max_24h,0.07057540330107931,0.07057540330107931
lab_lactate_last_24h,vital_resp_rate_last_24h,0.07043705482547855,0.07043705482547855
lab_platelets_count_24h,vital_temperature_c_min_24h,-0.06988093572901746,0.06988093572901746
vasopressor_on_at_alert,vital_spo2_min_24h,-0.06986547604843131,0.06986547604843131
lab_wbc_count_24h,lab_lactate_max_24h,-0.06968010896238508,0.06968010896238508
lab_wbc_count_24h,vital_map_min_24h,0.0687857930248154,0.0687857930248154
vital_map_last_24h,vital_spo2_last_24h,0.06868597391735354,0.06868597391735354
vital_resp_rate_last_24h,vital_temperature_c_min_24h,0.06818170576164698,0.06818170576164698
vasopressor_event_count_24h,vital_spo2_last_24h,0.0681554829071441,0.0681554829071441
mechanical_ventilation_chart_events_24h,lab_lactate_max_24h,0.0679471664703514,0.0679471664703514
lab_platelets_min_24h,vital_heart_rate_last_24h,0.06767907688501439,0.06767907688501439
lab_wbc_last_24h,lab_platelets_count_24h,0.06727174183846032,0.06727174183846032
lab_wbc_min_24h,lab_platelets_count_24h,0.06646471247066688,0.06646471247066688
lab_creatinine_max_24h,vital_map_count_24h,0.06641142580420717,0.06641142580420717
lab_creatinine_count_24h,vital_temperature_c_max_24h,-0.06549391943964894,0.06549391943964894
lab_lactate_last_24h,vital_temperature_c_count_24h,0.06506994667761945,0.06506994667761945
vital_heart_rate_count_24h,vital_spo2_min_24h,-0.06358092620774232,0.06358092620774232
anchor_age,lab_wbc_last_24h,0.06350240990103997,0.06350240990103997
vasopressor_active_24h,vital_resp_rate_last_24h,0.06347325446088833,0.06347325446088833
in_icu_at_alert,vital_map_last_24h,-0.06331128334292602,0.06331128334292602
anchor_age,lab_wbc_min_24h,0.06330907740666628,0.06330907740666628
vital_map_last_24h,vital_spo2_count_24h,-0.06277688160613604,0.06277688160613604
mechanical_ventilation_24h,lab_wbc_last_24h,-0.06277147549214389,0.06277147549214389
mechanical_ventilation_24h,lab_wbc_min_24h,-0.06270586335151086,0.06270586335151086
lab_creatinine_max_24h,vital_heart_rate_count_24h,0.06264420982667959,0.06264420982667959
lab_lactate_max_24h,vital_heart_rate_last_24h,-0.06189950029837691,0.06189950029837691
lab_wbc_min_24h,lab_creatinine_max_24h,0.06174186966977277,0.06174186966977277
prior_positive_specimens_24h,vital_spo2_min_24h,-0.061707689834709735,0.061707689834709735
lab_wbc_last_24h,lab_creatinine_max_24h,0.06165711715679299,0.06165711715679299
lab_creatinine_last_24h,vital_resp_rate_last_24h,-0.06123528870283674,0.06123528870283674
prior_positive_specimens_7d,lab_creatinine_last_24h,-0.060983029847336244,0.060983029847336244
lab_lactate_max_24h,vital_temperature_c_count_24h,0.06061107588807016,0.06061107588807016
lab_wbc_last_24h,lab_lactate_count_24h,0.06056082436556991,0.06056082436556991
prior_positive_specimens_7d,lab_creatinine_max_24h,-0.06010997575823017,0.06010997575823017
vital_map_last_24h,vital_spo2_min_24h,0.05990405325152916,0.05990405325152916
lab_wbc_min_24h,lab_lactate_count_24h,0.05985571395285277,0.05985571395285277
lab_creatinine_max_24h,vital_spo2_count_24h,0.0589303139741306,0.0589303139741306
vital_temperature_c_min_24h,vital_spo2_min_24h,0.058720246426837215,0.058720246426837215
lab_wbc_min_24h,lab_creatinine_last_24h,0.05863421821982325,0.05863421821982325
lab_wbc_last_24h,lab_creatinine_last_24h,0.05853726757359969,0.05853726757359969
vital_temperature_c_count_24h,vital_spo2_last_24h,0.058506251228675615,0.058506251228675615
vasopressor_event_count_24h,vital_temperature_c_max_24h,0.058476642970269284,0.058476642970269284
in_icu_at_alert,vital_heart_rate_min_24h,0.05819535687513511,0.05819535687513511
vital_temperature_c_min_24h,vital_map_count_24h,-0.057989550405341005,0.057989550405341005
lab_platelets_last_24h,vital_resp_rate_max_24h,0.05792201298565713,0.05792201298565713
lab_creatinine_max_24h,vital_resp_rate_count_24h,0.057730196605605404,0.057730196605605404
lab_creatinine_last_24h,vital_map_count_24h,0.05708469329316738,0.05708469329316738
mechanical_ventilation_24h,vital_heart_rate_last_24h,0.05695465759956216,0.05695465759956216
mechanical_ventilation_chart_events_24h,lab_wbc_max_24h,-0.05694605953399151,0.05694605953399151
lab_creatinine_count_24h,vital_heart_rate_max_24h,0.05690356264727157,0.05690356264727157
lab_platelets_count_24h,vital_resp_rate_last_24h,-0.05673414672227582,0.05673414672227582
lab_platelets_count_24h,lab_creatinine_last_24h,0.05657016961114347,0.05657016961114347
prior_positive_specimens_24h,vital_heart_rate_max_24h,-0.0564851529840436,0.0564851529840436
lab_platelets_last_24h,vital_spo2_min_24h,0.056349508041264415,0.056349508041264415
lab_lactate_last_24h,vital_heart_rate_max_24h,0.056289833792278844,0.056289833792278844
lab_creatinine_max_24h,vital_resp_rate_last_24h,-0.05590797785368099,0.05590797785368099
vasopressor_active_24h,vital_spo2_last_24h,0.05582002595268798,0.05582002595268798
prior_positive_specimens_7d,vital_heart_rate_max_24h,-0.05560855533769852,0.05560855533769852
vasopressor_on_at_alert,vital_heart_rate_min_24h,0.05558211016903781,0.05558211016903781
mechanical_ventilation_chart_events_24h,vital_temperature_c_min_24h,0.0554132085981898,0.0554132085981898
lab_platelets_min_24h,vital_spo2_min_24h,0.055205184077454464,0.055205184077454464
anchor_age,vital_spo2_last_24h,-0.05419070767576329,0.05419070767576329
lab_platelets_min_24h,vital_resp_rate_max_24h,0.05418011314403441,0.05418011314403441
lab_creatinine_max_24h,vital_temperature_c_count_24h,0.05393511970389063,0.05393511970389063
lab_creatinine_last_24h,lab_lactate_max_24h,0.05383407486575481,0.05383407486575481
vital_temperature_c_max_24h,vital_spo2_last_24h,0.05365392104787544,0.05365392104787544
mechanical_ventilation_24h,vital_temperature_c_min_24h,0.05307015902073091,0.05307015902073091
lab_creatinine_last_24h,vital_heart_rate_count_24h,0.05304994384306431,0.05304994384306431
lab_lactate_max_24h,vital_resp_rate_last_24h,0.052593637895246355,0.052593637895246355
vital_resp_rate_count_24h,vital_temperature_c_min_24h,-0.05222914931587746,0.05222914931587746
mechanical_ventilation_24h,lab_wbc_max_24h,-0.051450790093838836,0.051450790093838836
lab_lactate_count_24h,vital_temperature_c_max_24h,-0.05134301789378963,0.05134301789378963
vital_resp_rate_last_24h,vital_map_count_24h,-0.05128409032349318,0.05128409032349318
lab_lactate_max_24h,vital_heart_rate_min_24h,-0.05107057808939801,0.05107057808939801
in_icu_at_alert,vital_temperature_c_min_24h,-0.05079943831022552,0.05079943831022552
lab_wbc_count_24h,lab_lactate_count_24h,0.050694216933223665,0.050694216933223665
vital_heart_rate_count_24h,vital_temperature_c_min_24h,-0.05026000587500408,0.05026000587500408
vital_heart_rate_max_24h,vital_spo2_last_24h,-0.04995822722050945,0.04995822722050945
lab_creatinine_last_24h,vital_spo2_count_24h,0.04961583782502859,0.04961583782502859
lab_platelets_last_24h,vital_heart_rate_min_24h,0.04958995092084165,0.04958995092084165
in_icu_at_alert,lab_creatinine_max_24h,0.048925098784404694,0.048925098784404694
lab_wbc_count_24h,vital_heart_rate_max_24h,0.04880066597551752,0.04880066597551752
lab_creatinine_last_24h,vital_resp_rate_count_24h,0.04827741552248421,0.04827741552248421
vasopressor_on_at_alert,lab_lactate_max_24h,0.04760190569869932,0.04760190569869932
lab_creatinine_max_24h,lab_lactate_last_24h,0.04713284221548778,0.04713284221548778
vital_heart_rate_last_24h,vital_spo2_min_24h,0.04666236860286057,0.04666236860286057
mechanical_ventilation_chart_events_24h,lab_creatinine_max_24h,0.045991227026824934,0.045991227026824934
anchor_age,vital_spo2_min_24h,-0.04596705563225643,0.04596705563225643
vasopressor_active_24h,lab_wbc_count_24h,0.04578278728207745,0.04578278728207745
in_icu_at_alert,vital_resp_rate_last_24h,0.045274078301769695,0.045274078301769695
lab_wbc_min_24h,vital_resp_rate_max_24h,0.04514974054097648,0.04514974054097648
lab_wbc_last_24h,vital_resp_rate_max_24h,0.04514974054097648,0.04514974054097648
lab_wbc_max_24h,vital_resp_rate_max_24h,0.04514974054097648,0.04514974054097648
anchor_age,lab_creatinine_max_24h,0.04492383349316946,0.04492383349316946
lab_platelets_min_24h,vital_heart_rate_min_24h,0.0444346056961566,0.0444346056961566
anchor_age,lab_creatinine_last_24h,0.044416273231171796,0.044416273231171796
lab_lactate_max_24h,vital_temperature_c_max_24h,-0.044351631556221564,0.044351631556221564
vital_heart_rate_min_24h,vital_map_count_24h,0.04401544261351918,0.04401544261351918
prior_positive_specimens_24h,lab_creatinine_max_24h,-0.04380561245226854,0.04380561245226854
mechanical_ventilation_24h,lab_creatinine_max_24h,0.04363316467007266,0.04363316467007266
prior_positive_specimens_24h,lab_creatinine_last_24h,-0.04320163109314659,0.04320163109314659
anchor_age,vital_temperature_c_count_24h,-0.0430220146937776,0.0430220146937776
vital_heart_rate_min_24h,vital_spo2_last_24h,0.04260488317426251,0.04260488317426251
vital_resp_rate_last_24h,vital_map_last_24h,0.0421235272789164,0.0421235272789164
vital_heart_rate_max_24h,vital_map_min_24h,-0.0419072472549586,0.0419072472549586
vasopressor_on_at_alert,lab_wbc_count_24h,0.041852760161470506,0.041852760161470506
lab_platelets_count_24h,vital_heart_rate_max_24h,0.041335346684919456,0.041335346684919456
lab_wbc_max_24h,lab_creatinine_count_24h,-0.04079491801690902,0.04079491801690902
lab_creatinine_last_24h,vital_temperature_c_count_24h,0.04076412625259549,0.04076412625259549
mechanical_ventilation_chart_events_24h,lab_lactate_last_24h,0.04051894044889211,0.04051894044889211
lab_lactate_count_24h,vital_heart_rate_last_24h,-0.0403517484765934,0.0403517484765934
lab_wbc_count_24h,lab_platelets_last_24h,-0.04011228531932514,0.04011228531932514
lab_wbc_count_24h,lab_platelets_min_24h,-0.0400947708816547,0.0400947708816547
mechanical_ventilation_24h,lab_lactate_max_24h,0.038715151077005405,0.038715151077005405
vasopressor_active_24h,lab_wbc_max_24h,-0.038538657708910226,0.038538657708910226
prior_positive_specimens_24h,vital_resp_rate_max_24h,0.038527557475574875,0.038527557475574875
vital_heart_rate_max_24h,vital_resp_rate_last_24h,0.03785063422686951,0.03785063422686951
vital_temperature_c_count_24h,vital_map_last_24h,-0.03783107323428161,0.03783107323428161
mechanical_ventilation_chart_events_24h,lab_creatinine_last_24h,0.03777119376434912,0.03777119376434912
anchor_age,vasopressor_event_count_24h,0.037216718339987354,0.037216718339987354
lab_creatinine_count_24h,vital_resp_rate_last_24h,0.03705769108266776,0.03705769108266776
lab_platelets_count_24h,vital_map_last_24h,-0.03689425820667434,0.03689425820667434
prior_positive_specimens_7d,vital_temperature_c_min_24h,0.03681351317141935,0.03681351317141935
lab_wbc_last_24h,vital_heart_rate_last_24h,0.03668789816340002,0.03668789816340002
lab_wbc_min_24h,vital_heart_rate_last_24h,0.03668789816340002,0.03668789816340002
lab_wbc_max_24h,vital_heart_rate_last_24h,0.03668789816340002,0.03668789816340002
vital_temperature_c_min_24h,vital_spo2_count_24h,-0.03659055571165389,0.03659055571165389
vasopressor_active_24h,lab_wbc_last_24h,-0.03627207884488259,0.03627207884488259
vasopressor_active_24h,lab_wbc_min_24h,-0.03620189502704668,0.03620189502704668
mechanical_ventilation_24h,lab_creatinine_last_24h,0.03607865648879765,0.03607865648879765
vital_resp_rate_count_24h,vital_spo2_min_24h,-0.03606832084149998,0.03606832084149998
in_icu_at_alert,lab_creatinine_last_24h,0.03502282457691638,0.03502282457691638
lab_wbc_count_24h,vital_temperature_c_count_24h,0.034923052389394,0.034923052389394
vasopressor_active_24h,vital_temperature_c_max_24h,-0.03445550584594855,0.03445550584594855
vital_resp_rate_max_24h,vital_map_min_24h,-0.034240118682648396,0.034240118682648396
vital_temperature_c_max_24h,vital_map_min_24h,0.03412157015892503,0.03412157015892503
lab_wbc_count_24h,vital_spo2_count_24h,0.03409926628423465,0.03409926628423465
mechanical_ventilation_chart_events_24h,vital_heart_rate_last_24h,0.03369435505282321,0.03369435505282321
vasopressor_event_count_24h,lab_wbc_max_24h,-0.033614725655272314,0.033614725655272314
prior_positive_specimens_24h,vital_heart_rate_min_24h,-0.03344319099787001,0.03344319099787001
vasopressor_event_count_24h,lab_wbc_last_24h,-0.03330264080228278,0.03330264080228278
vasopressor_event_count_24h,lab_wbc_min_24h,-0.03324468345510574,0.03324468345510574
prior_positive_specimens_24h,vital_map_min_24h,0.033104774639767555,0.033104774639767555
mechanical_ventilation_24h,vital_heart_rate_min_24h,-0.032807872137900096,0.032807872137900096
lab_wbc_count_24h,vital_heart_rate_count_24h,0.032322188365107224,0.032322188365107224
lab_lactate_count_24h,vital_heart_rate_min_24h,-0.03174764333225102,0.03174764333225102
anchor_age,prior_positive_specimens_7d,-0.031743683657671086,0.031743683657671086
prior_positive_specimens_24h,lab_platelets_last_24h,-0.031555968288108145,0.031555968288108145
prior_positive_specimens_24h,lab_platelets_min_24h,-0.03129436637871315,0.03129436637871315
anchor_age,mechanical_ventilation_24h,-0.031222356813986187,0.031222356813986187
vital_spo2_min_24h,vital_spo2_count_24h,-0.03044240028189517,0.03044240028189517
lab_wbc_count_24h,vital_map_count_24h,0.029450298930000764,0.029450298930000764
vital_resp_rate_last_24h,vital_spo2_count_24h,-0.02894203927441978,0.02894203927441978
vasopressor_on_at_alert,lab_wbc_max_24h,-0.028411948090262165,0.028411948090262165
prior_positive_specimens_7d,lab_wbc_count_24h,-0.02840514540591491,0.02840514540591491
lab_wbc_count_24h,vital_resp_rate_count_24h,0.028367193589472945,0.028367193589472945
lab_wbc_min_24h,lab_lactate_max_24h,-0.02807787811570121,0.02807787811570121
vasopressor_active_24h,lab_lactate_last_24h,0.028027697653715256,0.028027697653715256
vital_resp_rate_max_24h,vital_spo2_min_24h,0.02774904565649969,0.02774904565649969
vital_heart_rate_max_24h,vital_map_last_24h,0.027737695253845854,0.027737695253845854
mechanical_ventilation_24h,prior_positive_specimens_7d,-0.027678816322026775,0.027678816322026775
anchor_age,mechanical_ventilation_chart_events_24h,-0.027160802028360985,0.027160802028360985
lab_wbc_last_24h,lab_lactate_max_24h,-0.027144837326322422,0.027144837326322422
lab_wbc_max_24h,lab_lactate_max_24h,-0.027144837326322422,0.027144837326322422
vasopressor_event_count_24h,lab_wbc_count_24h,0.027097775658098084,0.027097775658098084
anchor_age,vital_spo2_count_24h,-0.026996970124260385,0.026996970124260385
mechanical_ventilation_24h,lab_wbc_count_24h,0.02655682398038942,0.02655682398038942
prior_positive_specimens_7d,vital_heart_rate_min_24h,-0.02644967741584487,0.02644967741584487
prior_positive_specimens_7d,lab_platelets_last_24h,-0.026402569512694506,0.026402569512694506
lab_lactate_count_24h,vital_spo2_last_24h,-0.026337935575596376,0.026337935575596376
lab_lactate_last_24h,vital_spo2_count_24h,-0.02626315463993174,0.02626315463993174
lab_lactate_last_24h,vital_heart_rate_min_24h,-0.025973898340565623,0.025973898340565623
prior_positive_specimens_7d,lab_platelets_min_24h,-0.025836979076695948,0.025836979076695948
in_icu_at_alert,prior_positive_specimens_24h,-0.02489848291418736,0.02489848291418736
vital_temperature_c_max_24h,vital_spo2_min_24h,0.024574963251993747,0.024574963251993747
vasopressor_on_at_alert,lab_wbc_last_24h,-0.024124874020536206,0.024124874020536206
anchor_age,vital_heart_rate_count_24h,-0.024091978650812928,0.024091978650812928
lab_lactate_max_24h,vital_resp_rate_max_24h,-0.024079540552194037,0.024079540552194037
vasopressor_on_at_alert,lab_wbc_min_24h,-0.024068010764645563,0.024068010764645563
lab_wbc_count_24h,vital_resp_rate_last_24h,-0.023937799876506672,0.023937799876506672
in_icu_at_alert,prior_positive_specimens_7d,-0.0237464606977566,0.0237464606977566
anchor_age,in_icu_at_alert,-0.023241387126296868,0.023241387126296868
vasopressor_active_24h,vital_heart_rate_min_24h,-0.023229848650566428,0.023229848650566428
lab_lactate_max_24h,vital_heart_rate_max_24h,0.022838303044529405,0.022838303044529405
prior_positive_specimens_7d,vital_temperature_c_max_24h,0.022753979380414128,0.022753979380414128
vital_temperature_c_min_24h,vital_temperature_c_count_24h,0.022080507637407064,0.022080507637407064
anchor_age,vital_resp_rate_count_24h,-0.022077745808117426,0.022077745808117426
vasopressor_on_at_alert,vital_temperature_c_last_24h,-0.022035180085801694,0.022035180085801694
vital_temperature_c_last_24h,vital_map_count_24h,0.02194687749199755,0.02194687749199755
mechanical_ventilation_chart_events_24h,vital_heart_rate_min_24h,-0.021684116908627843,0.021684116908627843
prior_positive_specimens_7d,vital_temperature_c_count_24h,-0.021407196875951755,0.021407196875951755
vital_temperature_c_last_24h,vital_spo2_min_24h,0.021068802769972535,0.021068802769972535
mechanical_ventilation_24h,lab_lactate_last_24h,0.020977548801735826,0.020977548801735826
vasopressor_on_at_alert,vital_temperature_c_max_24h,0.02078594969588961,0.02078594969588961
prior_positive_specimens_7d,lab_lactate_count_24h,-0.020189548449357872,0.020189548449357872
lab_lactate_count_24h,vital_resp_rate_last_24h,-0.019580833724277682,0.019580833724277682
prior_positive_specimens_7d,vital_heart_rate_count_24h,-0.01923053945293447,0.01923053945293447
prior_positive_specimens_7d,vital_heart_rate_last_24h,-0.01918908335294917,0.01918908335294917
lab_lactate_max_24h,vital_map_count_24h,0.019100653879687277,0.019100653879687277
lab_platelets_min_24h,vital_temperature_c_count_24h,-0.019015855477644214,0.019015855477644214
mechanical_ventilation_chart_events_24h,prior_positive_specimens_7d,-0.01889094140355885,0.01889094140355885
vasopressor_event_count_24h,vital_heart_rate_max_24h,0.018705598366136732,0.018705598366136732
prior_positive_specimens_7d,vital_resp_rate_last_24h,0.018506164376099407,0.018506164376099407
prior_positive_specimens_7d,vital_resp_rate_count_24h,-0.01847364994747946,0.01847364994747946
mechanical_ventilation_chart_events_24h,lab_wbc_count_24h,0.018417649314598283,0.018417649314598283
prior_positive_specimens_7d,vital_spo2_count_24h,-0.018397572209249195,0.018397572209249195
anchor_age,lab_lactate_max_24h,0.018162219733175347,0.018162219733175347
prior_positive_specimens_7d,vital_map_count_24h,-0.017992895349642515,0.017992895349642515
anchor_age,lab_creatinine_count_24h,0.017922258851771088,0.017922258851771088
prior_positive_specimens_24h,vital_map_last_24h,-0.017859151182153067,0.017859151182153067
vital_heart_rate_min_24h,vital_spo2_min_24h,0.017713258360733678,0.017713258360733678
vasopressor_event_count_24h,vital_heart_rate_last_24h,0.017468618315964787,0.017468618315964787
prior_positive_specimens_24h,vital_temperature_c_last_24h,0.01723284765321085,0.01723284765321085
prior_positive_specimens_24h,lab_wbc_count_24h,-0.01670763553501962,0.01670763553501962
anchor_age,lab_platelets_count_24h,-0.016458725562136657,0.016458725562136657
lab_lactate_count_24h,vital_heart_rate_max_24h,0.016258313134187272,0.016258313134187272
lab_lactate_last_24h,vital_resp_rate_count_24h,-0.016104179850378177,0.016104179850378177
vital_resp_rate_max_24h,vital_map_last_24h,-0.015826201222328525,0.015826201222328525
vasopressor_event_count_24h,prior_positive_specimens_7d,-0.015653057565265874,0.015653057565265874
prior_positive_specimens_7d,vital_resp_rate_max_24h,-0.01538867588657599,0.01538867588657599
lab_platelets_count_24h,vital_resp_rate_max_24h,-0.015214802119031519,0.015214802119031519
prior_positive_specimens_7d,lab_lactate_last_24h,0.014724959737156389,0.014724959737156389
prior_positive_specimens_24h,lab_lactate_count_24h,-0.014660177587430637,0.014660177587430637
mechanical_ventilation_24h,lab_platelets_last_24h,0.014630634607894998,0.014630634607894998
lab_lactate_last_24h,vital_heart_rate_last_24h,-0.014006991049009434,0.014006991049009434
vital_heart_rate_min_24h,vital_spo2_count_24h,0.013778534306761231,0.013778534306761231
anchor_age,vital_map_count_24h,-0.01368621083077322,0.01368621083077322
lab_wbc_max_24h,lab_platelets_count_24h,0.013340131913868238,0.013340131913868238
vasopressor_event_count_24h,prior_positive_specimens_24h,-0.013234663195529657,0.013234663195529657
lab_creatinine_max_24h,vital_heart_rate_last_24h,-0.01309730833773705,0.01309730833773705
mechanical_ventilation_chart_events_24h,prior_positive_specimens_24h,0.012969338637090419,0.012969338637090419
vital_resp_rate_last_24h,vital_resp_rate_count_24h,-0.012878991430861849,0.012878991430861849
lab_platelets_last_24h,vital_temperature_c_count_24h,-0.012823615739866843,0.012823615739866843
lab_lactate_last_24h,vital_temperature_c_max_24h,0.01279796341096421,0.01279796341096421
prior_positive_specimens_7d,vital_spo2_last_24h,0.012778492612870783,0.012778492612870783
vital_heart_rate_count_24h,vital_resp_rate_last_24h,-0.01256710170811802,0.01256710170811802
lab_creatinine_last_24h,lab_lactate_last_24h,0.012565791999524735,0.012565791999524735
lab_lactate_last_24h,vital_heart_rate_count_24h,-0.012462744134272551,0.012462744134272551
lab_platelets_last_24h,vital_resp_rate_last_24h,0.011846283441304567,0.011846283441304567
vasopressor_active_24h,prior_positive_specimens_7d,-0.011660364409645596,0.011660364409645596
prior_positive_specimens_24h,vital_temperature_c_max_24h,-0.01158619651056063,0.01158619651056063
in_icu_at_alert,lab_platelets_min_24h,-0.011577390456468132,0.011577390456468132
lab_wbc_min_24h,lab_creatinine_count_24h,-0.011570697449867244,0.011570697449867244
prior_positive_specimens_24h,lab_creatinine_count_24h,0.011437241049148866,0.011437241049148866
lab_wbc_last_24h,lab_creatinine_count_24h,-0.011250180095842327,0.011250180095842327
lab_wbc_max_24h,lab_lactate_count_24h,0.01115160986117722,0.01115160986117722
vasopressor_active_24h,vital_heart_rate_max_24h,-0.010907129505826842,0.010907129505826842
prior_positive_specimens_7d,vital_temperature_c_last_24h,0.010863047475042143,0.010863047475042143
vasopressor_on_at_alert,prior_positive_specimens_7d,-0.010736174022107702,0.010736174022107702
in_icu_at_alert,vital_spo2_min_24h,-0.010728597459719293,0.010728597459719293
vital_temperature_c_count_24h,vital_spo2_min_24h,-0.010586618068040985,0.010586618068040985
anchor_age,vasopressor_active_24h,0.010476352336189432,0.010476352336189432
prior_positive_specimens_24h,vital_temperature_c_count_24h,-0.010417893322440776,0.010417893322440776
lab_lactate_max_24h,vital_spo2_count_24h,-0.010386656672662982,0.010386656672662982
mechanical_ventilation_24h,lab_platelets_min_24h,0.010355090694513989,0.010355090694513989
vital_heart_rate_min_24h,vital_resp_rate_count_24h,0.010300092170068598,0.010300092170068598
vital_heart_rate_min_24h,vital_heart_rate_count_24h,0.01024811115209044,0.01024811115209044
prior_positive_specimens_24h,lab_lactate_max_24h,-0.0102151246266847,0.0102151246266847
lab_lactate_last_24h,vital_resp_rate_max_24h,0.009856393528679801,0.009856393528679801
vasopressor_event_count_24h,vital_temperature_c_last_24h,-0.009131396337517143,0.009131396337517143
prior_positive_specimens_24h,lab_lactate_last_24h,-0.009090753233947348,0.009090753233947348
vital_temperature_c_last_24h,vital_spo2_last_24h,0.008874361813025334,0.008874361813025334
prior_positive_specimens_24h,vital_heart_rate_count_24h,-0.008787119318340851,0.008787119318340851
lab_wbc_count_24h,vital_heart_rate_last_24h,0.008505269220158736,0.008505269220158736
prior_positive_specimens_24h,lab_platelets_count_24h,0.008492607113971313,0.008492607113971313
prior_positive_specimens_24h,vital_map_count_24h,-0.008372779439694937,0.008372779439694937
lab_wbc_min_24h,lab_lactate_last_24h,-0.008361833954311155,0.008361833954311155
prior_positive_specimens_24h,vital_resp_rate_count_24h,-0.008312548206572947,0.008312548206572947
lab_lactate_max_24h,vital_heart_rate_count_24h,0.008256256238781156,0.008256256238781156
mechanical_ventilation_24h,prior_positive_specimens_24h,-0.008192919647830638,0.008192919647830638
prior_positive_specimens_7d,lab_creatinine_count_24h,-0.008012160245442683,0.008012160245442683
vasopressor_on_at_alert,lab_lactate_last_24h,-0.007630294956977108,0.007630294956977108
prior_positive_specimens_24h,vital_spo2_count_24h,-0.007597197619942215,0.007597197619942215
mechanical_ventilation_chart_events_24h,lab_platelets_min_24h,-0.007594386105039556,0.007594386105039556
vasopressor_active_24h,prior_positive_specimens_24h,-0.0072352949094027,0.0072352949094027
lab_creatinine_last_24h,vital_heart_rate_last_24h,-0.00723186568156635,0.00723186568156635
lab_wbc_last_24h,lab_lactate_last_24h,-0.007207101530369193,0.007207101530369193
lab_wbc_max_24h,lab_lactate_last_24h,-0.007207101530369193,0.007207101530369193
vasopressor_on_at_alert,vital_heart_rate_max_24h,0.007031577088737175,0.007031577088737175
lab_lactate_max_24h,vital_resp_rate_count_24h,0.006904436692577095,0.006904436692577095
vital_temperature_c_min_24h,vital_spo2_last_24h,0.006891676417856391,0.006891676417856391
anchor_age,lab_wbc_count_24h,-0.006862683990896629,0.006862683990896629
lab_wbc_count_24h,vital_spo2_last_24h,0.006851068476004313,0.006851068476004313
vasopressor_event_count_24h,vital_heart_rate_min_24h,-0.006655225470171213,0.006655225470171213
lab_wbc_count_24h,vital_spo2_min_24h,0.006503713864526555,0.006503713864526555
vital_resp_rate_max_24h,vital_temperature_c_min_24h,-0.006407988498661938,0.006407988498661938
prior_positive_specimens_7d,lab_lactate_max_24h,0.0062459370299636115,0.0062459370299636115
lab_creatinine_max_24h,vital_heart_rate_min_24h,-0.0053853485364768056,0.0053853485364768056
prior_positive_specimens_7d,vital_spo2_min_24h,-0.005322960456486349,0.005322960456486349
lab_platelets_min_24h,vital_resp_rate_last_24h,0.0052436096584055425,0.0052436096584055425
lab_platelets_last_24h,vital_spo2_count_24h,0.005044537070899076,0.005044537070899076
vasopressor_active_24h,vital_heart_rate_last_24h,0.004980013270379412,0.004980013270379412
lab_wbc_count_24h,vital_heart_rate_min_24h,0.004670909050615426,0.004670909050615426
lab_platelets_min_24h,vital_heart_rate_count_24h,-0.004528194022702502,0.004528194022702502
lab_wbc_count_24h,lab_creatinine_max_24h,0.004509026265825688,0.004509026265825688
lab_wbc_max_24h,lab_creatinine_last_24h,-0.004001144944494424,0.004001144944494424
lab_lactate_last_24h,vital_map_count_24h,-0.0038571112696209665,0.0038571112696209665
lab_platelets_last_24h,vital_map_count_24h,0.0038126254743810614,0.0038126254743810614
prior_positive_specimens_7d,vital_map_min_24h,-0.0036304836920388397,0.0036304836920388397
mechanical_ventilation_chart_events_24h,lab_platelets_last_24h,-0.0035259071050441158,0.0035259071050441158
anchor_age,vasopressor_on_at_alert,0.0030828019007335286,0.0030828019007335286
lab_platelets_min_24h,vital_resp_rate_count_24h,-0.0029671647480962082,0.0029671647480962082
lab_wbc_max_24h,lab_creatinine_max_24h,-0.0028147510119131526,0.0028147510119131526
lab_platelets_last_24h,vital_resp_rate_count_24h,0.002747566851328411,0.002747566851328411
vital_map_count_24h,vital_spo2_min_24h,0.002710088791160428,0.002710088791160428
prior_positive_specimens_24h,vital_temperature_c_min_24h,-0.002445588986601369,0.002445588986601369
in_icu_at_alert,lab_platelets_last_24h,-0.00172517895199929,0.00172517895199929
lab_platelets_min_24h,vital_map_count_24h,-0.0016522982033280547,0.0016522982033280547
anchor_age,prior_positive_specimens_24h,-0.0012971726000895812,0.0012971726000895812
lab_platelets_last_24h,vital_heart_rate_count_24h,0.0012667987499338737,0.0012667987499338737
anchor_age,lab_lactate_last_24h,-0.001231252279106056,0.001231252279106056
lab_wbc_count_24h,vital_resp_rate_max_24h,-0.0009437349347018896,0.0009437349347018896
lab_creatinine_last_24h,vital_heart_rate_min_24h,0.0005798846556731947,0.0005798846556731947
lab_platelets_min_24h,vital_spo2_count_24h,-0.0004427824630785765,0.0004427824630785765
prior_positive_specimens_24h,vital_heart_rate_last_24h,-0.0004032259275386798,0.0004032259275386798
anchor_age,lab_lactate_count_24h,0.00034747524794698914,0.00034747524794698914
vasopressor_on_at_alert,prior_positive_specimens_24h,0.00030984999975087416,0.00030984999975087416
lab_wbc_count_24h,lab_creatinine_last_24h,0.00029716700993859523,0.00029716700993859523
prior_positive_specimens_24h,vital_spo2_last_24h,0.0001300380829201202,0.0001300380829201202
prior_positive_specimens_7d,lab_platelets_count_24h,8.168197787756663e-06,8.168197787756663e-06
